Presentaci//on+/Fecha+/Hora+/Locaci//on+/Localidad+/Drive+/Ensambles+/Nombres+/Tipo+/Observaciones+/Estado+/=/04c. Abril 16 - 19 Viedma - El C//ondor | CF Mar+/#ERROR!+/https://docs.google.com/spreadsheets/d/10Mj3wP3EHqCDG9-t_wRSYMMXsqNgzl3-RVHPhOgeVH0+/Presentaci//on+/+/+/+/+/+/+/+/=/08b. Agosto  14 - 17 Bariloche | Sinf 07+/#ERROR!+/https://docs.google.com/spreadsheets/d/14UyQ8URrDYgajlHmroGPgfang4On_FzdtQ2tBPymVmg+/Presentaci//on+/+/+/+/+/+/+/+/=/12b. Diciembre 17-20 Viedma | Sinf 11+/#ERROR!+/https://docs.google.com/spreadsheets/d/178Ud-flvMuVRChnEwNxE-wwXgO3AS45WN05MqXnA31Q+/Presentaci//on+/+/+/+/+/+/+/+/=/11b. Noviembre 28-29 Viedma | CF Mar Sinf//onico-Coral+/#ERROR!+/https://docs.google.com/spreadsheets/d/186AQvKSlQVwwVB2TWpSaRWwgGU8-kxG64f_4o4UkmY0+/Presentaci//on+/+/+/+/+/+/+/+/=/10c. Octubre 20 - 21  Las Grutas TR RN+/#ERROR!+/https://docs.google.com/spreadsheets/d/1eUZhaGdTs1TIopN9swD8UtGEFzSgzau41ctDdPQqu_Y+/Presentaci//on+/+/+/+/+/+/+/+/=/06a. Junio 4-5-6 | CF Val - Gral. Roca - Did//acticos+/#ERROR!+/https://docs.google.com/spreadsheets/d/1F4klJUC7JHAc0wskMkjjoju8p9eIQfjnufHyVTMcvA0+/Presentaci//on+/+/+/+/+/+/+/+/=/08a. Julio 30 - Agosto 3 Cipolletti - Neuqu//en | Sinf 07 +/#ERROR!+/https://docs.google.com/spreadsheets/d/1fFcAncefoYfVbMh_5PLvX9Buswy0PLPLuvTAP0R6tp8+/Presentaci//on+/+/+/+/+/+/+/+/=/12aa. Diciembre 5 a 7 Misa Criolla Bariloche+/#ERROR!+/https://docs.google.com/spreadsheets/d/1g4tdpIyb5LmIESVvnUoFA2D4BYuqaIiB3MPU0gM112w+/Presentaci//on+/+/+/+/+/+/+/+/=/12a. Diciembre 6-8 Bariloche | Filarm//onica Jazz Band NAVIDAD+/#ERROR!+/https://docs.google.com/spreadsheets/d/1GmXxT3Nu9TK9Vi094OfjtogMuPw-_9Bqmq0yhAHYSYg+/Presentaci//on+/+/+/+/+/+/+/+/=/11a. Noviembre 12-15 Bariloche | Sinf 10 - Concerto Competition+/#ERROR!+/https://docs.google.com/spreadsheets/d/1gSuJaLQzg1nI3kbynpPoG0YfZlquUfaiKu964OBaWXM+/Presentaci//on+/+/+/+/+/+/+/+/=/09b. Septiembre 24 - 28 Bariloche FIMBA | Sinf 08 3222-4231-tmp-str. +/#ERROR!+/https://docs.google.com/spreadsheets/d/1Hj-5XVwLuM0nyc1FdhA-mawKPF0jsEUPNs0pMntFvyM+/Presentaci//on+/+/+/+/+/+/+/+/=/09 bb. Septiembre 18 - 19 Viedma TR+/#ERROR!+/https://docs.google.com/spreadsheets/d/1HpS3FGaXDA44T39UKxEoBzOOXzGZ0Q1B7w6iX5eQin8+/Presentaci//on+/+/+/+/+/+/+/+/=/10aa. Octubre 1 - 2 | CF Mon - El Bols//on - Did//acticos+/#ERROR!+/https://docs.google.com/spreadsheets/d/1jCfDVLsLzyOyNIM29vmKKeuM_pjExIkU8pHlhun2n04+/Presentaci//on+/+/+/+/+/+/+/+/=/04a. Abril 2-5 Bariloche - Dina Huapi | CF Mon+/#ERROR!+/https://docs.google.com/spreadsheets/d/1K0Y1N040OpUPpKzxkHKYwJEf0oNLeJknsKcU19NHpXg+/Presentaci//on+/+/+/+/+/+/+/+/=/03a. Marzo 5-8 Cipolletti - General Roca | Sinf 02 CR 2 2 0 2 - 3 2 0 0 - tmp - str.+/#ERROR!+/https://docs.google.com/spreadsheets/d/1KS0IIYUnGGyL-6_aCGlYn_nnlGRlWppm3M0Z92xmWjQ+/Presentaci//on+/+/+/+/+/+/+/+/=/09bb. FIMBA 2 | Sinf 08b 3222-4231-tmp-str. +/#ERROR!+/https://docs.google.com/spreadsheets/d/1M1Im7Jzl2K-ss_WHaIV17SKoso-4hMEP_aJubozIm8c+/Presentaci//on+/+/+/+/+/+/+/+/=/05a. Mayo 21-24 Viedma | Sinf 05+/#ERROR!+/https://docs.google.com/spreadsheets/d/1Mm0nqV7eP3ZPjPZkQ_Gtw3qP2rtHkjoGBssHLmt2poM+/Presentaci//on+/+/+/+/+/+/+/+/=/06b.  Junio 23-24 | CF Val - Cipolletti - Did//acticos+/#ERROR!+/https://docs.google.com/spreadsheets/d/1nyjvWb8-0iiizfLRDxP84QCbJ4ELDw_94EHTv88NURA+/Presentaci//on+/+/+/+/+/+/+/+/=/11c. Noviembre 22, 23 y 24 - RN | Filarm//onica Jazz Band - Ensambles+/#ERROR!+/https://docs.google.com/spreadsheets/d/1O0g8ulfvr-Tj2CjK510iP4pzlEIQWBCQQh5mKo5dUG8+/Presentaci//on+/+/+/+/+/+/+/+/=/03b. Marzo  19-22  Viedma | Sinf 03 -  2 2 2 2 - 4 2 3 0 - tmp - Hp -str+/#ERROR!+/https://docs.google.com/spreadsheets/d/1oIcrWMyVetfuibp0nSN3QSxAlM1J2vO2UHIJqtdtrCc+/Presentaci//on+/+/+/+/+/+/+/+/=/10a. Octubre 4-5  CABA  | MICA | +/#ERROR!+/https://docs.google.com/spreadsheets/d/1pkQAcBR7Z6icGWUhXLKUPH2ZdqNtq8aATEVl_l_pZuk+/Presentaci//on+/+/+/+/+/+/+/+/=/02b. Febrero 26-28 | CF Mar 1 - Fiesta del Rio - 1 1 1 0 - 0 1 1 1 - Prc - Str.+/#ERROR!+/https://docs.google.com/spreadsheets/d/1RVYmMs_wjmAxtedRmitalISdDW7LMJ6ZlIk2dVbd84E+/Presentaci//on+/+/+/+/+/+/+/+/=/12c. Diciembre 21 Cipolletti | CF Val + perc. NAVIDAD+/#ERROR!+/https://docs.google.com/spreadsheets/d/1S8ojviEg7SIe9tV0QaCrLQj8RJ2DenrMjSUj0u16QOc+/Presentaci//on+/+/+/+/+/+/+/+/=/10b. Octubre 15-18 Cipolletti - Gral. Roca | Sinf 09 junto a FCP +/#ERROR!+/https://docs.google.com/spreadsheets/d/1uGUJNsAp-BjLEzmBUDU21FlAfsj8duTrUHFQqrIH0Gc+/Presentaci//on+/+/+/+/+/+/+/+/=/04b. Abril  14-15-16 | CF Mar-Viedma-Did//acticos+/#ERROR!+/https://docs.google.com/spreadsheets/d/1W5GUBFXe3jmYZ0UFKj3qg36-CTPcqPrVoO-arh2LmMg+/Presentaci//on+/+/+/+/+/+/+/+/=/07 (04b.) Julio 24 - Abril  14-15-16 | CF Mar-Viedma-Did//acticos+/#ERROR!+/https://docs.google.com/spreadsheets/d/1x1JpYCm3o-ASBA8lv_trw9GFJ-w8nCMgF4Hh0gkVtoM+/Presentaci//on+/+/+/+/+/+/+/+/=/04d. Abril  23-24-25 | CF Mon-Bariloche-Did//acticos+/#ERROR!+/https://docs.google.com/spreadsheets/d/1xvPzNJKxgmBijeABI-yvAp_L981jU7gVANglK0myw48+/Presentaci//on+/+/+/+/+/+/+/+/=/07a. Julio 3-4 | CF Val -Gral. Roca - Did//actico+/#ERROR!+/https://docs.google.com/spreadsheets/d/1yJPGoF5zv2Oi4VpTNbTeyIw5lwIn0xZvo3JCM7aUbzs+/Presentaci//on+/+/+/+/+/+/+/+/=/02a. Febrero  19-22 | Sinf 01 Bariloche+/#ERROR!+/https://docs.google.com/spreadsheets/d/1zCEFD-GEmUQmxWCb76mkr_v8sr4XEyJavktu4caWAZk+/Presentaci//on+/+/+/+/+/+/+/+/=/08 c. Agosto 23- 24 Las Grutas - Encuentro de Coros+/#ERROR!+/https://docs.google.com/spreadsheets/d/1zzz3iG02XbzovtfYfV6DdGFY789j6nTcLrZ0Xle8Nc4+/Presentaci//on+/+/+/+/+/+/+/+/